{"10": {"train_accuracy": {"Mean-Rank": [6.478, 5.958, 5.958], "Min-Regret (acc)": [1.2917599563598632, 2.3508999099731445, 2.3509000648681675], "Mean-Acc": [65.70395998001099, 67.43796012878418, 67.43795997388918]}, "train_losses": {"Mean-Rank": [6.42925, 5.932, 5.932], "Min-Regret (acc)": [1.1710399551391601, 2.2132599258422854, 2.2132600651428245], "Mean-Acc": [66.0091949005127, 67.57560011291504, 67.57559997361454]}, "valid_accuracy": {"Mean-Rank": [6.5015, 6.077, 6.077], "Min-Regret (acc)": [1.089760009765625, 2.7604600448608396, 2.760460065124517], "Mean-Acc": [65.33260990905762, 67.02839999389649, 67.02839997363293]}, "valid_losses": {"Mean-Rank": [6.52725, 6.194, 6.194], "Min-Regret (acc)": [1.1042200088500977, 3.2632801055908205, 3.2632800666687034], "Mean-Acc": [65.25285486984252, 66.5255799331665, 66.52557997208872]}}, "30": {"train_accuracy": {"Mean-Rank": [18.716538461538473, 16.88275, 15.37, 15.37], "Min-Regret (acc)": [0.5667201080322266, 0.7707401504516601, 0.9886201782226562, 0.9886202098144544], "Mean-Acc": [66.30342440414428, 68.26139502716065, 69.84073999786376, 69.8407399662721]}, "train_losses": {"Mean-Rank": [18.596384615384608, 16.814, 15.38, 15.38], "Min-Regret (acc)": [0.5518001098632812, 0.7578401374816894, 0.9679201774597168, 0.967920210516358], "Mean-Acc": [66.54073208999634, 68.38729002380371, 69.86143999862671, 69.86143996557023]}, "valid_accuracy": {"Mean-Rank": [18.92192307692307, 17.30075, 15.956, 15.956], "Min-Regret (acc)": [0.46082012939453126, 0.8323002090454101, 1.6666203155517578, 1.6666202089965827], "Mean-Acc": [65.7275474319458, 67.82955985641479, 69.16273986053467, 69.1627399670899]}, "valid_losses": {"Mean-Rank": [18.977999999999984, 17.57875, 16.432, 16.432], "Min-Regret (acc)": [0.47426007080078125, 0.9952202110290528, 2.002100368499756, 2.0021002088439928], "Mean-Acc": [65.68096157073974, 67.60577981948853, 68.82725980758667, 68.82725996724241]}}, "50": {"train_accuracy": {"Mean-Rank": [17.976230769230757, 16.13125, 14.931, 14.931], "Min-Regret (acc)": [0.4306800918579102, 0.5945000877380371, 0.7741601142883301, 0.774160251190186], "Mean-Acc": [67.0324368133545, 68.90892014694214, 70.08850010299683, 70.08849996609494]}, "train_losses": {"Mean-Rank": [17.879230769230738, 16.04575, 14.913, 14.913], "Min-Regret (acc)": [0.41702009582519534, 0.5737600746154785, 0.7658201026916504, 0.7658202514953616], "Mean-Acc": [67.15555543136597, 69.00779515838623, 70.0968401145935, 70.09683996578975]}, "valid_accuracy": {"Mean-Rank": [17.873153846153837, 16.45025, 15.598, 15.598], "Min-Regret (acc)": [0.2708601837158203, 0.6104001846313477, 1.424460220336914, 1.4244602501403811], "Mean-Acc": [66.9793938293457, 68.5448052558899, 69.43819999694824, 69.43819996714475]}, "valid_losses": {"Mean-Rank": [17.820692307692298, 16.5465, 15.923, 15.923], "Min-Regret (acc)": [0.24430011749267577, 0.5978601188659668, 1.644260196685791, 1.6442602522216807], "Mean-Acc": [67.04558595657349, 68.49589519500732, 69.21840002059936, 69.21839996506344]}}, "70": {"train_accuracy": {"Mean-Rank": [17.54761538461539, 15.8055, 14.681, 14.681], "Min-Regret (acc)": [0.39588017272949216, 0.5406002807617187, 0.7153802947998047, 0.7153802921386723], "Mean-Acc": [67.36047539901733, 69.07942017364502, 70.08975996398925, 70.08975996665045]}, "train_losses": {"Mean-Rank": [17.482153846153846, 15.73975, 14.641, 14.641], "Min-Regret (acc)": [0.3879601745605469, 0.5327202758789062, 0.6940603256225586, 0.6940602920593257], "Mean-Acc": [67.41047837066651, 69.1259401626587, 70.11107993316651, 70.11107996672978]}, "valid_accuracy": {"Mean-Rank": [17.60376923076924, 16.26975, 15.357, 15.357], "Min-Regret (acc)": [0.2413001251220703, 0.6173401947021484, 1.3904802284240723, 1.3904802873107913], "Mean-Acc": [67.18056596755982, 68.54334996795654, 69.41466003036498, 69.41465997147836]}, "valid_losses": {"Mean-Rank": [17.583307692307688, 16.33225, 15.499, 15.499], "Min-Regret (acc)": [0.21164009857177735, 0.6259402084350586, 1.4755402450561523, 1.4755402876037582], "Mean-Acc": [67.20591836929322, 68.50461506652832, 69.32960001373291, 69.32959997118536]}}, "90": {"train_accuracy": {"Mean-Rank": [54.3564, 48.6004615384615, 43.34575, 42.048, 42.048], "Min-Regret (acc)": [0.2098000030517578, 0.23308002471923828, 0.2651200408935547, 0.4569000244140625, 0.4568999838806138], "Mean-Acc": [66.55982159805298, 68.61900581359863, 70.52690998077392, 71.15437992095947, 71.15437996149296]}, "train_losses": {"Mean-Rank": [54.02125000000003, 48.33330769230764, 43.37025, 42.048, 42.048], "Min-Regret (acc)": [0.20086002349853516, 0.22864002990722657, 0.2595200424194336, 0.44514002990722656, 0.4451399847839341], "Mean-Acc": [66.80958097076416, 68.74947193145752, 70.5389150390625, 71.1661399154663, 71.1661399605896]}, "valid_accuracy": {"Mean-Rank": [55.28255000000011, 50.196384615384616, 45.69225, 44.28, 44.28], "Min-Regret (acc)": [0.17257999420166015, 0.2968600311279297, 0.5443800582885742, 1.28010009765625, 1.2800999812438967], "Mean-Acc": [65.90441554641724, 68.1072599143982, 69.77166488647461, 70.33117984771728, 70.33117996412965]}, "valid_losses": {"Mean-Rank": [55.358375, 50.71830769230772, 46.7175, 45.184, 45.184], "Min-Regret (acc)": [0.20011998748779297, 0.38595999908447265, 0.7142000732421875, 1.598700096130371, 1.5986999809570335], "Mean-Acc": [65.89183802032471, 67.97390740203858, 69.42011485290527, 70.01257984924317, 70.01257996441652]}}, "110": {"train_accuracy": {"Mean-Rank": [54.37557500000001, 47.9099230769231, 42.98925, 41.947, 41.947], "Min-Regret (acc)": [0.22686007690429688, 0.2546200637817383, 0.2897399978637695, 0.4661400146484375, 0.4661401366699209], "Mean-Acc": [66.61439401626586, 68.84249996948242, 70.51746510314942, 71.1099600830078, 71.10995996098636]}, "train_losses": {"Mean-Rank": [53.99412499999992, 47.58899999999998, 42.92925, 41.947, 41.947], "Min-Regret (acc)": [0.21996006774902344, 0.24864006805419922, 0.285760009765625, 0.45452001953125, 0.4545201368530265], "Mean-Acc": [66.85741839599609, 68.97173544311524, 70.52679508209229, 71.121580078125, 71.12157996080326]}, "valid_accuracy": {"Mean-Rank": [55.18004999999997, 49.253692307692326, 45.21125, 43.617, 43.617], "Min-Regret (acc)": [0.1993600540161133, 0.2801000747680664, 0.5835200958251953, 1.279780158996582, 1.279780133319091], "Mean-Acc": [65.96594878768921, 68.37142475509644, 69.7500399169922, 70.29631993865966, 70.2963199643372]}, "valid_losses": {"Mean-Rank": [55.04720000000002, 49.640538461538476, 46.08525, 44.755, 44.755], "Min-Regret (acc)": [0.2089400100708008, 0.327640022277832, 0.6910400772094727, 1.5919801063537597, 1.5919801365661637], "Mean-Acc": [65.98512994003296, 68.23065699386596, 69.49579488372802, 69.98411999130249, 69.98411996109016]}}, "130": {"train_accuracy": {"Mean-Rank": [52.92395, 46.78938461538462, 42.03275, 40.862, 40.862], "Min-Regret (acc)": [0.18962000274658203, 0.242760009765625, 0.27134000396728514, 0.4256999969482422, 0.42570022998046814], "Mean-Acc": [67.23639302062988, 69.13818147277831, 70.60588006591797, 71.22844019317627, 71.22843996014417]}, "train_losses": {"Mean-Rank": [52.64495000000002, 46.57676923076922, 41.98725, 40.717, 40.717], "Min-Regret (acc)": [0.1812200241088867, 0.2373200225830078, 0.2704399948120117, 0.41921999359130857, 0.4192202301574701], "Mean-Acc": [67.33346565246582, 69.23987831115723, 70.61402503967285, 71.23492019653321, 71.23491995996716]}, "valid_accuracy": {"Mean-Rank": [52.65502499999997, 48.19484615384612, 44.6545, 43.175, 43.175], "Min-Regret (acc)": [0.11078003692626953, 0.23248006439208985, 0.5417000961303711, 1.3037402877807618, 1.3037402264221198], "Mean-Acc": [67.12515031814576, 68.67367970275879, 69.85503984832764, 70.35039990234375, 70.35039996370254]}, "valid_losses": {"Mean-Rank": [52.50337500000001, 48.37392307692305, 45.43825, 44.201, 44.201], "Min-Regret (acc)": [0.0894400405883789, 0.26476009368896486, 0.6528401412963867, 1.6331004104614257, 1.6331002234313965],