{"10": {"train_accuracy": {"Mean-Rank": [6.2825, 5.767, 5.767], "Min-Regret (acc)": [0.46227996826171874, 0.9746600112915039, 0.9746599365234386], "Mean-Acc": [87.81230493927002, 88.67839992523193, 88.67839999999995]}, "train_losses": {"Mean-Rank": [6.27475, 5.753, 5.753], "Min-Regret (acc)": [0.45662995147705077, 0.9562200241088867, 0.9562199365234377], "Mean-Acc": [87.86039992523193, 88.69683991241455, 88.69683999999997]}, "valid_accuracy": {"Mean-Rank": [6.39175, 6.057, 6.057], "Min-Regret (acc)": [0.4488400115966797, 1.3580700912475585, 1.3580699365234363], "Mean-Acc": [87.52077494812012, 88.29498984527588, 88.29498999999984]}, "valid_losses": {"Mean-Rank": [6.48175, 6.167, 6.167], "Min-Regret (acc)": [0.5349700088500977, 1.729300193786621, 1.7292999365234347], "Mean-Acc": [87.17534217834472, 87.92375974273682, 87.92375999999982]}}, "30": {"train_accuracy": {"Mean-Rank": [18.217769230769235, 16.348, 15.166, 15.166], "Min-Regret (acc)": [0.1406400680541992, 0.230780029296875, 0.38995001220703124, 0.38994996337890664], "Mean-Acc": [88.09069845581055, 89.14893991851807, 89.88569995117187, 89.8857]}, "train_losses": {"Mean-Rank": [18.20984615384614, 16.34075, 15.179, 15.179], "Min-Regret (acc)": [0.13891007232666017, 0.23317002105712892, 0.38752001953125, 0.3875199633789065], "Mean-Acc": [88.10167928314209, 89.16016994476318, 89.88812994384766, 89.88812999999999]}, "valid_accuracy": {"Mean-Rank": [18.405999999999995, 17.0855, 15.869, 15.869], "Min-Regret (acc)": [0.12889006805419922, 0.41992008209228515, 0.895050048828125, 0.8950499633789051], "Mean-Acc": [87.78424446868897, 88.6753374786377, 89.38059991455079, 89.38059999999999]}, "valid_losses": {"Mean-Rank": [18.778230769230756, 17.66525, 16.462, 16.462], "Min-Regret (acc)": [0.21702008056640626, 0.6352101211547851, 1.2249600982666016, 1.2249599633789052], "Mean-Acc": [87.37856285858155, 88.35974221038818, 89.0506898651123, 89.05068999999996]}}, "50": {"train_accuracy": {"Mean-Rank": [17.674307692307703, 15.70325, 14.687, 14.687], "Min-Regret (acc)": [0.12033995056152344, 0.16597992706298828, 0.2643700180053711, 0.26437001495361323], "Mean-Acc": [88.2907682723999, 89.41029008483886, 90.01694999694824, 90.0169499999999]}, "train_losses": {"Mean-Rank": [17.66653846153847, 15.70725, 14.698, 14.698], "Min-Regret (acc)": [0.11993994903564453, 0.16043994140625, 0.2562799682617187, 0.25628001495361297], "Mean-Acc": [88.29867928314209, 89.4166377029419, 90.0250400466919, 90.0250399999999]}, "valid_accuracy": {"Mean-Rank": [17.8756923076923, 16.40575, 15.414, 15.414], "Min-Regret (acc)": [0.10218997955322266, 0.28311006927490234, 0.7149100723266602, 0.7149100149536126], "Mean-Acc": [88.15438983154297, 88.99267737579346, 89.56640994262695, 89.5664099999999]}, "valid_losses": {"Mean-Rank": [18.080692307692296, 16.7095, 15.747, 15.747], "Min-Regret (acc)": [0.13165999603271483, 0.3973800506591797, 0.9525200958251954, 0.9525200149536132], "Mean-Acc": [87.96171073913574, 88.79694482421876, 89.32879991912841, 89.3288]}}, "70": {"train_accuracy": {"Mean-Rank": [17.199461538461538, 15.25125, 14.18, 14.18], "Min-Regret (acc)": [0.12663006591796874, 0.1711600570678711, 0.26124005889892576, 0.26123992004394514], "Mean-Acc": [88.39266778564453, 89.44631720733642, 90.00359986114502, 90.00359999999996]}, "train_losses": {"Mean-Rank": [17.19930769230769, 15.276, 14.174, 14.174], "Min-Regret (acc)": [0.12910005950927733, 0.17270005798339844, 0.25882003784179686, 0.25881992004394505], "Mean-Acc": [88.39611150360108, 89.44579726409913, 90.00601988220215, 90.00601999999998]}, "valid_accuracy": {"Mean-Rank": [17.44384615384615, 15.96325, 15.236, 15.236], "Min-Regret (acc)": [0.12211001586914062, 0.2716000518798828, 0.7528100967407226, 0.752809920043946], "Mean-Acc": [88.27056592559815, 89.095037399292, 89.51202982330322, 89.51203000000005]}, "valid_losses": {"Mean-Rank": [17.63423076923077, 16.2965, 15.596, 15.596], "Min-Regret (acc)": [0.16339004516601563, 0.36970001220703125, 1.0046400299072267, 1.0046399200439442], "Mean-Acc": [88.12992370605468, 88.90768496704102, 89.26019989013672, 89.26020000000001]}}, "90": {"train_accuracy": {"Mean-Rank": [52.91850000000001, 46.9073076923077, 42.9335, 42.047, 42.047], "Min-Regret (acc)": [0.02322998046875, 0.026899971008300782, 0.051829986572265625, 0.13544996643066406, 0.1354499603271484], "Mean-Acc": [88.2208529663086, 89.40422618103027, 90.28112998962402, 90.60064999389648, 90.60064999999999]}, "train_losses": {"Mean-Rank": [52.868950000000005, 46.89861538461539, 42.93725, 42.113, 42.113], "Min-Regret (acc)": [0.023119979858398438, 0.02702997589111328, 0.05191998291015625, 0.1345399475097656, 0.13453996032714843], "Mean-Acc": [88.23079158782959, 89.40345767211915, 90.28180004882813, 90.60156001281739, 90.60156000000003]}, "valid_accuracy": {"Mean-Rank": [53.881000000000064, 49.720153846153764, 45.638, 44.499, 44.499], "Min-Regret (acc)": [0.028469978332519533, 0.16361993408203124, 0.351489990234375, 0.8006899642944336, 0.800689960327146], "Mean-Acc": [87.89056814575196, 88.83131985473632, 89.65293738555908, 89.93540999603272, 89.93541000000012]}, "valid_losses": {"Mean-Rank": [55.03669999999998, 51.20107692307696, 47.13075, 45.705, 45.705], "Min-Regret (acc)": [0.10875004577636718, 0.2948600387573242, 0.4957400894165039, 1.0757001113891602, 1.0756999603271455], "Mean-Acc": [87.46389324951171, 88.51958905792236, 89.32593235778809, 89.66039984893798, 89.66040000000002]}}, "110": {"train_accuracy": {"Mean-Rank": [52.68025000000012, 46.00107692307694, 42.27325, 41.646, 41.646], "Min-Regret (acc)": [0.023900009155273436, 0.029770011901855468, 0.04799001312255859, 0.14628002166748047, 0.14628008178710888], "Mean-Acc": [88.22031237792969, 89.45836087799073, 90.2765524597168, 90.57746006011963, 90.57745999999989]}, "train_losses": {"Mean-Rank": [52.613750000000046, 45.99038461538462, 42.25625, 41.64, 41.64], "Min-Regret (acc)": [0.024150009155273437, 0.030160018920898438, 0.04665000915527344, 0.1383700180053711, 0.13837008178710902], "Mean-Acc": [88.23626539611817, 89.47097928619385, 90.27824000549316, 90.58537006378174, 90.58536999999991]}, "valid_accuracy": {"Mean-Rank": [53.585425000000015, 48.82007692307693, 44.96575, 43.867, 43.867], "Min-Regret (acc)": [0.02898003387451172, 0.12099000549316406, 0.32248006439208987, 0.7616302337646484, 0.7616300817871083], "Mean-Acc": [87.90902502441406, 88.92942025756835, 89.66683713531494, 89.96210984802246, 89.9621099999998]}, "valid_losses": {"Mean-Rank": [54.79067500000012, 50.77000000000001, 46.45475, 45.126, 45.126], "Min-Regret (acc)": [0.10000003051757812, 0.24058003234863282, 0.4750100860595703, 1.0798003158569336, 1.0798000817871072], "Mean-Acc": [87.47168601226807, 88.53862800598145, 89.34108238983154, 89.64393976593017, 89.6439399999998]}}, "130": {"train_accuracy": {"Mean-Rank": [51.838599999999964, 45.192923076923094, 41.63375, 40.771, 40.771], "Min-Regret (acc)": [0.024329986572265625, 0.02737000274658203, 0.04646996307373047, 0.13214991760253905, 0.13214991210937502], "Mean-Acc": [88.38651364135742, 89.57536778259278, 90.30807738494873, 90.59825999450683, 90.59825999999997]}, "train_losses": {"Mean-Rank": [51.82192500000001, 45.234000000000016, 41.675, 40.732, 40.732], "Min-Regret (acc)": [0.024629981994628906, 0.027209999084472657, 0.046409965515136715, 0.12911993408203126, 0.12911991210937507], "Mean-Acc": [88.39101781463623, 89.5765672454834, 90.30969989776611, 90.60128997802734, 90.60128999999996]}, "valid_accuracy": {"Mean-Rank": [52.490275000000025, 47.485538461538454, 43.87125, 42.735, 42.735], "Min-Regret (acc)": [0.027310005187988283, 0.08542002868652344, 0.2549500045776367, 0.6406200790405273, 0.6406199121093755], "Mean-Acc": [88.24424806976319, 89.15930091094971, 89.82332218170166, 90.08978983306885, 90.08978999999991]}, "valid_losses": {"Mean-Rank": [53.15854999999999, 48.760999999999925, 44.997, 43.93, 43.93],