{"10": {"train_accuracy": {"Mean-Rank": [6.2785, 5.758, 5.758], "Min-Regret (acc)": [1.8572333641052245, 3.2030333461761473, 3.203033368723551], "Mean-Acc": [38.18453324699402, 40.12586663627624, 40.125866613728824]}, "train_losses": {"Mean-Rank": [6.2325, 5.69, 5.69], "Min-Regret (acc)": [1.773733362197876, 2.874900022506714, 2.8749000357869483], "Mean-Acc": [38.421941591262815, 40.453999959945676, 40.453999946665434]}, "valid_accuracy": {"Mean-Rank": [6.3095, 5.989, 5.989], "Min-Regret (acc)": [1.5758333435058594, 4.0258333892822264, 4.0258333668568955], "Mean-Acc": [38.12719997787475, 39.303066593170165, 39.30306661559547]}, "valid_losses": {"Mean-Rank": [6.28475, 5.979, 5.979], "Min-Regret (acc)": [1.4699666557312012, 4.008066730499268, 4.008066698883061], "Mean-Acc": [38.21216662788391, 39.320833251953125, 39.32083328356928]}}, "30": {"train_accuracy": {"Mean-Rank": [18.009999999999998, 16.19275, 14.698, 14.698], "Min-Regret (acc)": [1.052966709136963, 1.294300033569336, 1.5561333427429198, 1.5561333669891335], "Mean-Acc": [38.753159030914304, 41.18194162368774, 43.22293330764771, 43.22293328340149]}, "train_losses": {"Mean-Rank": [17.890076923076933, 15.93625, 14.617, 14.617], "Min-Regret (acc)": [1.045700038909912, 1.2410000228881837, 1.504866672515869, 1.5048666996459936], "Mean-Acc": [38.919546150207516, 41.537458278656004, 43.27419997787476, 43.27419995074462]}, "valid_accuracy": {"Mean-Rank": [18.09015384615385, 16.7595, 15.229, 15.229], "Min-Regret (acc)": [0.7667333641052246, 1.5499000396728515, 2.3214333839416503, 2.3214333693237323], "Mean-Acc": [38.59983082008362, 40.31564167785645, 42.45763326644897, 42.45763328106687]}, "valid_losses": {"Mean-Rank": [18.068000000000016, 16.836, 15.479, 15.479], "Min-Regret (acc)": [0.6901666946411132, 1.6091333847045899, 2.6457000522613527, 2.6457000347696957], "Mean-Acc": [38.58462815475464, 40.19505836105347, 42.13336659812927, 42.1333666156209]}}, "50": {"train_accuracy": {"Mean-Rank": [17.94007692307692, 16.11925, 14.941, 14.941], "Min-Regret (acc)": [0.8530333366394043, 1.171800003051758, 1.4008667068481446, 1.400866739888512], "Mean-Acc": [39.33477178192139, 41.84722494888306, 43.38159998321533, 43.3815999501749]}, "train_losses": {"Mean-Rank": [17.824307692307674, 15.976, 14.891, 14.891], "Min-Regret (acc)": [0.7986333274841309, 1.0986333389282226, 1.3601333694458009, 1.3601334065755244], "Mean-Acc": [39.51246661376953, 42.01916659927368, 43.422333320617675, 43.42233328348789]}, "valid_accuracy": {"Mean-Rank": [18.17953846153847, 16.72425, 15.467, 15.467], "Min-Regret (acc)": [0.7100667037963867, 1.3616000022888184, 2.12330001449585, 2.1233000732930507], "Mean-Acc": [38.96802053833008, 40.96366670227051, 42.659166675567626, 42.65916661677039]}, "valid_losses": {"Mean-Rank": [18.12138461538462, 16.799, 15.569, 15.569], "Min-Regret (acc)": [0.5674333229064942, 1.3185333442687988, 2.3292333965301513, 2.3292334079030326], "Mean-Acc": [39.051689796447754, 40.898758291244505, 42.45323329353332, 42.45323328216039]}}, "70": {"train_accuracy": {"Mean-Rank": [17.752692307692335, 16.045, 15.038, 15.038], "Min-Regret (acc)": [0.6767000732421875, 1.1059667625427245, 1.340300064086914, 1.3403000249735495], "Mean-Acc": [39.52488969421387, 42.017458305358886, 43.422033245086666, 43.422033284200005]}, "train_losses": {"Mean-Rank": [17.612538461538474, 15.916, 14.997, 14.997], "Min-Regret (acc)": [0.5944667282104492, 1.0271667556762696, 1.2977000617980956, 1.2977000245259571], "Mean-Acc": [39.72397699356079, 42.15873334503174, 43.46463324737549, 43.464633284647576]}, "valid_accuracy": {"Mean-Rank": [18.032923076923083, 16.61375, 15.492, 15.492], "Min-Regret (acc)": [0.5816667327880859, 1.2583667488098145, 2.055766754150391, 2.0557666893005377], "Mean-Acc": [39.053833309173584, 41.08905825042724, 42.706566555023194, 42.706566619873016]}, "valid_losses": {"Mean-Rank": [17.966230769230783, 16.73675, 15.811, 15.811], "Min-Regret (acc)": [0.5013000640869141, 1.3551334114074707, 2.370700040817261, 2.3707000236358615], "Mean-Acc": [39.14058196640015, 40.91086657714844, 42.39163326835632, 42.39163328553771]}}, "90": {"train_accuracy": {"Mean-Rank": [53.491375, 48.04799999999997, 43.99925, 43.244, 43.244], "Min-Regret (acc)": [0.6188333778381347, 0.6440000495910645, 0.6951667098999024, 0.9616334266662597, 0.9616333908487935], "Mean-Acc": [39.195251659393314, 41.89399234390259, 44.02083341979981, 44.706066585540775, 44.70606662135825]}, "train_losses": {"Mean-Rank": [53.22375000000003, 47.44953846153842, 43.97775, 43.231, 43.231], "Min-Regret (acc)": [0.619266716003418, 0.6422667198181152, 0.6942000427246093, 0.9582667655944824, 0.958266723154702], "Mean-Acc": [39.325980857849125, 42.195212890625, 44.02844178390503, 44.70943324661255, 44.70943328905233]}, "valid_accuracy": {"Mean-Rank": [53.932099999999934, 49.82753846153845, 45.322, 44.022, 44.022], "Min-Regret (acc)": [0.45510002517700193, 0.7226000556945801, 0.9554000587463379, 1.4914667091369629, 1.4914667207539878], "Mean-Acc": [38.92173500823974, 40.94602058792114, 43.33979995346069, 44.17623330307007, 44.17623329145307]}, "valid_losses": {"Mean-Rank": [53.99780000000001, 50.27946153846145, 45.949, 44.375, 44.375], "Min-Regret (acc)": [0.37833337020874025, 0.807900089263916, 1.117800079345703, 1.748133394241333, 1.7481333890330004], "Mean-Acc": [38.877310829162596, 40.7243975944519, 43.03311659622192, 43.9195666179657, 43.91956662317399]}}, "110": {"train_accuracy": {"Mean-Rank": [53.17989999999997, 46.9586923076923, 43.05525, 42.201, 42.201], "Min-Regret (acc)": [0.5883333625793457, 0.612566707611084, 0.6773667106628418, 0.9733333511352539, 0.9733333533732084], "Mean-Acc": [39.309394973754884, 42.219000015258786, 44.07345824432373, 44.7283666229248, 44.728366620686884]}, "train_losses": {"Mean-Rank": [52.98274999999997, 46.591769230769216, 43.06175, 42.178, 42.178], "Min-Regret (acc)": [0.588266700744629, 0.6106000366210937, 0.6659000511169434, 0.9634333610534668, 0.9634333543497712], "Mean-Acc": [39.407102447509764, 42.40318462371826, 44.08721656417847, 44.738266613006594, 44.73826661971033]}, "valid_accuracy": {"Mean-Rank": [53.58047499999999, 48.78753846153848, 44.64, 43.392, 43.392], "Min-Regret (acc)": [0.4180667152404785, 0.6183667068481445, 0.9074000778198242, 1.5508334274291993, 1.5508333566691124], "Mean-Acc": [39.06702746582031, 41.32162308883667, 43.42224154281616, 44.15086654663086, 44.15086661739097]}, "valid_losses": {"Mean-Rank": [53.637849999999986, 49.096461538461604, 45.06625, 43.751, 43.751], "Min-Regret (acc)": [0.37596667098999026, 0.6598667030334473, 1.0208000526428223, 1.7820000953674315, 1.7820000216267913], "Mean-Acc": [39.041779121398925, 41.1797359046936, 43.15269146347046, 43.919699878692626, 43.91969995243326]}}, "130": {"train_accuracy": {"Mean-Rank": [52.06515000000002, 45.78276923076921, 42.0455, 41.299, 41.299], "Min-Regret (acc)": [0.49566672134399414, 0.5986667175292969, 0.6428000335693359, 0.9414000701904297, 0.9414000630391416], "Mean-Acc": [39.550762420654294, 42.36880522918701, 44.109933254241945, 44.76426661300659, 44.764266620157855]}, "train_losses": {"Mean-Rank": [51.779600000000045, 45.52553846153845, 42.05925, 41.246, 41.246], "Min-Regret (acc)": [0.45843339920043946, 0.590033390045166, 0.6457667083740234, 0.9283333892822265, 0.9283333967692032], "Mean-Acc": [39.69069248199463, 42.50787450027466, 44.12559994125366, 44.77733329391479, 44.777333286427805]}, "valid_accuracy": {"Mean-Rank": [52.75845, 47.45392307692309, 43.20875, 42.087, 42.087], "Min-Regret (acc)": [0.3559333457946777, 0.5964667167663574, 0.8272667388916015, 1.4521000900268555, 1.4521000607604977], "Mean-Acc": [39.19380918884277, 41.59902809906006, 43.602549793243405, 44.25356659317016, 44.253566622436466]}, "valid_losses": {"Mean-Rank": [52.706325, 47.83330769230766, 43.416, 42.071, 42.071], "Min-Regret (acc)": [0.2769000015258789, 0.632833366394043, 0.9204000816345215, 1.5950667877197267, 1.5950667286173486],